Target,Model,No_of_Features,Train_R2,Train_Adjusted_R2,Test_R2,Test_Adjusted_R2,Test_RMSE,Test_MAE,Test_MAPE_percent,AIC,BIC,Source_Notebook,Train_Test_R2_Gap,Rank
Cooling Load,Tuned Gradient Boosting Regression,,0.9988091543665368,,0.9905512769978074,0.990029968142514,0.9356775968302832,0.5628292506742076,,,,Semi-Parametric and Nonlinear,0.008257877368729405,1
Cooling Load,Tuned Gradient Boosting Regression,,0.998809,,0.990551,0.99003,0.935678,0.562829,,,,Deep Learning Comparison,0.008258,2
Cooling Load,Neural Network Regression,,0.9919753349506416,,0.9835945002224052,0.982689369200193,1.2329186017939873,0.874872996708694,,,,Semi-Parametric and Nonlinear,0.008380834728236364,3
Cooling Load,Support Vector Regression,,0.9903642403993655,,0.9743091325958952,0.972891705428772,1.5428690113302763,1.015510011260799,,,,Semi-Parametric and Nonlinear,0.016055107803470303,4
Cooling Load,Gradient Boosting Regression,,0.9812110066457546,,0.9736567140230016,0.9722032913484088,1.5623367397465049,1.0698445852309075,,,,Semi-Parametric and Nonlinear,0.007554292622752978,5
Cooling Load,Polynomial Function Model,,0.9712371664212311,,0.9650942716823424,0.9631684383958508,1.7984071664654813,1.3287923534991235,,,,Semi-Parametric and Nonlinear,0.006142894738888738,6
Cooling Load,GAM-style Additive Model (n_knots=10),,0.968453969794888,,0.9632465186118204,0.9612187403283348,1.8453931912475827,1.3646453516352102,,,,Semi-Parametric and Nonlinear,0.005207451183067535,7
Cooling Load,Smoothing Spline Model,,0.9684713490903332,,0.9631229025605508,0.9610883040811328,1.8484939686254804,1.3667850094846714,,,,Semi-Parametric and Nonlinear,0.005348446529782391,8
Cooling Load,GAM-style Additive Model (n_knots=8),,0.968472336581309,,0.9631185767743968,0.9610837396309152,1.8486023821895905,1.3668698561224597,,,,Semi-Parametric and Nonlinear,0.005353759806912217,9
Cooling Load,GAM-style Additive Model (n_knots=6),,0.9684882654950444,,0.9629817802113484,0.960939395671285,1.852027526518062,1.3693007376288693,,,,Semi-Parametric and Nonlinear,0.0055064852836960165,10
Cooling Load,GAM-style Additive Model (n_knots=4),,0.9684898414361586,,0.9629465539554036,0.9609022258977707,1.852908504627597,1.3705463277860834,,,,Semi-Parametric and Nonlinear,0.005543287480754944,11
Cooling Load,GAM-style Additive Model (n_knots=5),,0.9684895298060384,,0.9629417114553236,0.9608971162252724,1.853029578608548,1.3709845636693003,,,,Semi-Parametric and Nonlinear,0.005547818350714828,12
Cooling Load,Regression Spline Model,,0.9684898010245838,,0.9629414971934868,0.960896890142093,1.853034935479612,1.3708429255745058,,,,Semi-Parametric and Nonlinear,0.005548303831097057,13
Cooling Load,Tuned Random Forest Regression,,0.9951935756242728,,0.95527873036342,0.9528113499696776,2.035620120076728,1.2684489177489229,,,,Semi-Parametric and Nonlinear,0.03991484526085276,14
Cooling Load,Random Forest Regression,,0.9951367860305812,,0.9551611988246094,0.952687333932174,2.0382932617488927,1.2698738961039089,,,,Semi-Parametric and Nonlinear,0.03997558720597183,15
Cooling Load,Step Function Model,,0.9485156983743472,,0.9447039618831532,0.9416531459870514,2.2635322178058206,1.832987705607588,,,,Semi-Parametric and Nonlinear,0.00381173649119404,16
Cooling Load,Extra Trees Regression,,1.0,,0.9245568248436526,0.9203944427660612,2.643928166517364,1.534871948051954,,,,Semi-Parametric and Nonlinear,0.07544317515634735,17
Cooling Load,Linear Basis Model,,0.8882593289004728,,0.8949583305630099,0.8891629281113139,3.119754933464355,2.180511908625355,,,,Semi-Parametric and Nonlinear,-0.0066990016625371185,18
Cooling Load,LASSO Regression,,0.88821071183412,,0.8945997189758546,0.8839838633331348,3.125075807663854,2.179069744009414,,,,Regularized Regression,-0.006389007141734515,19
Cooling Load,Elastic Net Regression,,0.8882015310328267,,0.8945761831908796,0.8839579570374431,3.125424701452416,2.178829646607309,,,,Regularized Regression,-0.006374652158052885,20
Cooling Load,Ridge Regression,,0.8881735249240748,,0.8945288711027563,0.8839058797030339,3.126125936651365,2.180460895935785,,,,Regularized Regression,-0.006355346178681498,21
Cooling Load,Parametric OLS (Forward Selection),5.0,0.8858499615014691,0.8849112276322377,0.8925696121929014,0.8889402071994184,3.1550281914237983,2.201209855502821,8.496012743291665,3182.4807884137035,3209.0007579825865,Parametric OLS,-0.006719650691432322,22
Cooling Load,Regularized ANN,,-5.874655723571777,,-6.140565395355225,-6.859759032297477,25.722072233783965,23.81880569458008,,,,Deep Learning,0.2659096717834472,23
Cooling Load,Simple ANN,,-5.962882518768311,,-6.24379825592041,-6.973389447164193,25.90733962764281,23.920169830322266,,,,Deep Learning,0.2809157371520996,24
Cooling Load,Deeper ANN,,-6.321161270141602,,-6.592419147491455,-7.357123234289155,26.523432897643197,24.74875831604004,,,,Deep Learning,0.2712578773498535,25
Heating Load,Tuned Gradient Boosting Regression,,0.99949930135648,,0.9986020471537544,0.998524918720858,0.3817224033595385,0.2753212781631686,,,,Semi-Parametric and Nonlinear,0.0008972542027255725,1
Heating Load,Tuned Gradient Boosting Regression,,0.999499,,0.998602,0.998525,0.381722,0.275321,,,,Deep Learning Comparison,0.000897,2
Heating Load,Gradient Boosting Regression,,0.9985643500100762,,0.9979281135901512,0.9978138026158148,0.4647125049499239,0.3413774309300918,,,,Semi-Parametric and Nonlinear,0.0006362364199249404,3
Heating Load,Random Forest Regression,,0.999654182611231,,0.9973343853700548,0.9971873169766784,0.5271085610157622,0.3588696103896046,,,,Semi-Parametric and Nonlinear,0.002319797241176147,4
Heating Load,Tuned Random Forest Regression,,0.999654182611231,,0.9973343853700548,0.9971873169766784,0.5271085610157622,0.3588696103896046,,,,Semi-Parametric and Nonlinear,0.002319797241176147,4
Heating Load,Simple ANN,,0.9988540410995485,,0.9966331124305724,0.9962940014523568,0.5924018562493228,0.4323415458202362,,,,Deep Learning,0.0022209286689758,5
Heating Load,Neural Network Regression,,0.9985319899156928,,0.9964629239967951,0.9962677749759288,0.607188565131961,0.4646692055873047,,,,Semi-Parametric and Nonlinear,0.0020690659188976612,6
Heating Load,Polynomial Function Model,,0.996653429178307,,0.9963921567605076,0.9961931033403976,0.6132325767304516,0.5041289237429301,,,,Semi-Parametric and Nonlinear,0.00026127241779938526,7
Heating Load,Extra Trees Regression,,1.0,,0.9958720639388196,0.9956443157423408,0.6559456692578971,0.4410836363636397,,,,Semi-Parametric and Nonlinear,0.004127936061180448,8
Heating Load,Support Vector Regression,,0.9985892238323744,,0.995001141505078,0.9947253424157028,0.7218331279351891,0.522608111186535,,,,Semi-Parametric and Nonlinear,0.003588082327296349,9
Heating Load,GAM-style Additive Model (n_knots=5),,0.990319292710756,,0.9885520314987448,0.9879204194435032,1.0923595279340963,0.8068171179823563,,,,Semi-Parametric and Nonlinear,0.0017672612120112063,10
Heating Load,GAM-style Additive Model (n_knots=4),,0.9903195162040738,,0.9885515248337032,0.9879198848245282,1.0923837005312602,0.8066530409377256,,,,Semi-Parametric and Nonlinear,0.0017679913703705363,11
Heating Load,Regression Spline Model,,0.9903193820905816,,0.9885514610087216,0.9879198174781684,1.092386745533816,0.8068190519993355,,,,Semi-Parametric and Nonlinear,0.0017679210818599689,12
Heating Load,GAM-style Additive Model (n_knots=6),,0.9903194687558862,,0.9885381077022496,0.987905727437546,1.0930236269740183,0.8067211535059413,,,,Semi-Parametric and Nonlinear,0.0017813610536365765,13
Heating Load,Smoothing Spline Model,,0.9903185974349866,,0.9885258526406508,0.9878927962346178,1.0936078015997164,0.8068943453261205,,,,Semi-Parametric and Nonlinear,0.0017927447943357766,14
Heating Load,GAM-style Additive Model (n_knots=8),,0.990318319816307,,0.9885233949244924,0.9878902029203264,1.0937249185221578,0.8069014506294224,,,,Semi-Parametric and Nonlinear,0.0017949248918146532,15
Heating Load,GAM-style Additive Model (n_knots=10),,0.99031302082106,,0.988490576821664,0.9878555741635489,1.0952875911477182,0.80767533066523,,,,Semi-Parametric and Nonlinear,0.0018224439993960173,16
Heating Load,Step Function Model,,0.9765523684245734,,0.97375145484416,0.9723032592493548,1.6540704645619682,1.352864939421162,,,,Semi-Parametric and Nonlinear,0.0028009135804133445,17
Heating Load,Linear Basis Model,,0.924157132674052,,0.9208501870029356,0.9164833007686148,2.872277093682071,2.0590362333385626,,,,Semi-Parametric and Nonlinear,0.0033069456711163348,18
Heating Load,Elastic Net Regression,,0.9241350286566016,,0.9205507011904128,0.9125486135405262,2.8777060014316462,2.0626065193706093,,,,Regularized Regression,0.0035843274661887525,19
Heating Load,LASSO Regression,,0.9241318796234564,,0.9205323400408146,0.9125284030665082,2.8780385086957225,2.062852406157607,,,,Regularized Regression,0.0035995395826418086,20
Heating Load,Ridge Regression,,0.924137795006201,,0.9205156238381528,0.9125100032175352,2.878341193745624,2.064123162733825,,,,Regularized Regression,0.003622171168048194,21
Heating Load,Parametric OLS (Forward Selection),6.0,0.9170521258328708,0.916232212743904,0.9122131164945224,0.908629978392258,3.024936093724908,2.184008279753741,10.272484656627544,3061.098454019036,3092.0384185160656,Parametric OLS,0.0048390093383483546,22
Heating Load,Regularized ANN,,-4.449526309967041,,-4.637006759643555,-5.2047628361544165,24.239611730707832,21.915843963623047,,,,Deep Learning,0.1874804496765136,23
Heating Load,Deeper ANN,,-4.796163082122803,,-4.96556568145752,-5.566414023474824,24.936024098712338,22.76475143432617,,,,Deep Learning,0.1694025993347168,24
